epoch,step,train_loss_step
0,49,0.04564088582992554
0,99,0.042803555727005005
0,149,0.04866228997707367
0,199,0.0368553064763546
0,249,0.04531485214829445
0,299,0.045000165700912476
0,349,0.043771855533123016
0,399,0.04190061613917351
0,449,0.03650050237774849
0,499,0.040869634598493576
0,549,0.04708322137594223
